{
  "posts": [
    {
      "id": 1,
      "title": "json-server",
      "author": "typicode"
    },
    {
      "firstName": "soujanya",
      "lastName": "dev",
      "email": "sadanandam.d@gmail.com",
      "phoneNumber": "9912443115",
      "message": "dasdadadsda",
      "id": 2
    },
    {
      "firstName": "soujanya2",
      "lastName": "dev",
      "email": "sadanandam.d@gmail.com",
      "phoneNumber": "9912443115",
      "message": "dasdadadsda",
      "id": 3
    },
    {
      "firstName": "soujanya",
      "lastName": "dev",
      "email": "sadanandam.d@gmail.com",
      "phoneNumber": "9912443115",
      "message": "sASasadadsads",
      "id": 4
    },
    {
      "firstName": null,
      "lastName": null,
      "email": null,
      "phoneNumber": null,
      "message": null,
      "id": 5
    },
    {
      "firstName": null,
      "lastName": null,
      "email": null,
      "phoneNumber": null,
      "message": null,
      "id": 6
    },
    {
      "firstName": "s1",
      "lastName": "s2",
      "email": "sadanandam.d@gmail.com",
      "phoneNumber": "99124431151111111111",
      "message": "asssssssssssssss",
      "id": 7
    },
    {
      "firstName": "soujanya",
      "lastName": "dev",
      "email": "sadanandam.d@gmail.com",
      "phoneNumber": "9912443115",
      "message": "fdgdgdgdf",
      "id": 8
    },
    {
      "firstName": "soujanya",
      "lastName": "dev",
      "email": "sadanandam.d@gmail.com",
      "phoneNumber": "9912443115",
      "message": "fgfghfghfgfgfg",
      "id": 9
    },
    {
      "firstName": "soujanya",
      "lastName": "dev",
      "email": "sadanandam.d@gmail.com",
      "phoneNumber": "9912443115",
      "message": "fhfgfhfghffbhb",
      "id": 10
    }
  ],
  "comments": [
    {
      "id": 1,
      "body": "some comment",
      "postId": 1
    }
  ],
  "profile": {
    "name": "typicode"
  }
}